epoch,model_name,CRPS,ND,NRMSE,CRPS_Sum,ND_Sum,NRMSE_Sum
1, mgtsd, 0.8334061679392766, 1.045749989584723, 1.754516166441592, 0.9760445258055992, 1.1442896076847189, 1.5514902030873945
