epoch,model_name,CRPS,ND,NRMSE,CRPS_Sum,ND_Sum,NRMSE_Sum
1, mgtsd, 0.8334061679392766, 1.045749989584723, 1.754516166441592, 0.9760445258055992, 1.1442896076847189, 1.5514902030873945
1, mgtsd, 0.8203419260138662, 1.0375250324369913, 1.7312900047562707, 0.9630311773129424, 1.1364069426590948, 1.5258374863612123, 2024-12-08 18:01:06.764518
